scene_id,line_id,start_ms,end_ms,duration_ms,text
hook,hook-1,120,4160,4040,"你可能以为，机器人看到的是很多文件。"
hook,hook-2,4420,8120,3700,"其实模型真正看到的，只有一串 messages。"
file-to-message,file-1,8590,12390,3800,"文件只是维护单位。"
file-to-message,file-2,12650,18950,6300,"代码把文件读成文字，再变成 system、user、assistant 消息。"
journey,journey-1,19420,23820,4400,"一条消息进来，先攒批、理解，再去取素材。"
journey,journey-2,24080,30180,6100,"然后组装、生成、后处理、发送，最后回写记忆。"
always-on,persona-1,30650,35490,4840,"在所有检索开始之前，有三份人格文件已经全程注入。"
always-on,persona-2,35750,42050,6300,"system prompt、traits、styles，它们决定她是谁、什么性格、怎么说话。"
conditional,inject-1,42520,47080,4560,"其他素材按需进入，不会一股脑全塞给模型。"
conditional,inject-2,47340,55840,8500,"周表、偏好、经历、行为和说话样本，各靠不同的判别方式决定要不要出现。"
rrf,rrf-1,56310,61150,4840,"四路素材走 RRF：corpus、voice sample、behavior、phrase。"
rrf,rrf-2,61410,68810,7400,"preference 和 core story 不参加排名，命中后直接注入。"
segments,segments-1,69280,73580,4300,"最后拼成 17 个逻辑段。"
segments,segments-2,73840,79240,5400,"越靠前越像长期背景，越靠后越像刚刚发生的事。"
summary,summary-1,79710,85830,6120,"所以整条链是：文件、触发判断、检索筛选、messages 组装、模型生成。"
summary,summary-2,86090,91090,5000,"记住这一句，就够了。"
